pH,ionic_strength_mM,zeta_mV_mean,radius_nm_mean,kappa_inv_nm,V_max_kT,D_at_barrier_nm,barrier_present,stability_call
4.0,10.0,38.376666666666665,127.2,3.0420573602277585,83.87086914038508,0.9661746774759321,True,stable
4.0,50.0,35.89666666666667,128.23333333333332,1.3604494097845667,47.09585224131285,0.7308769589863288,True,stable
4.0,150.0,25.136666666666667,130.73333333333335,0.785455832957987,-0.13191287046784356,50.0,False,unstable
5.5,10.0,10.573333333333332,129.23333333333332,3.0420573602277585,-0.08622777083575431,60.84114720455517,False,unstable
5.5,50.0,9.33,130.9,1.3604494097845667,-0.13224557571316906,50.0,False,unstable
5.5,150.0,6.713333333333334,131.33333333333334,0.785455832957987,-0.1331119081976539,50.0,False,unstable
7.0,10.0,-35.73,128.6,3.0420573602277585,70.25688481414444,1.0469231232305907,True,stable
7.0,50.0,-31.439999999999998,129.83333333333334,1.3604494097845667,29.35219501502423,0.8634544848282761,True,stable
7.0,150.0,-23.76,130.76666666666668,0.785455832957987,-0.1319793892758224,50.0,False,unstable
